{"cameraMode":{"drawMode":0,"name":"Shaded","section":"Shading Mode"},"sceneLighting":true,"audioPlay":false,"sceneViewState":{"showFog":true,"showMaterialUpdate":false,"showSkybox":true,"showFlares":true,"showImageEffects":true,"showParticleSystems":true},"in2DMode":false,"pivot":{"x":1.4215912818908692,"y":1.2024080753326417,"z":-2.171065330505371},"rotation":{"x":-0.006364065688103437,"y":0.7298146486282349,"z":-0.0067945136688649658,"w":-0.6835817694664002},"size":4.001219272613525,"orthographic":false}